"musicshow","id_artist","data"
"musicbank","98","2014-01-03"
"musiccore","98","2014-01-04"
"inkigayo","98","2014-01-05"
"showchampion","77","2014-01-08"
"countdown","259","2014-01-09"
"musicbank","259","2014-01-10"
"musiccore","77","2014-01-11"
"inkigayo","77","2014-01-12"
"showchampion","13","2014-01-15"
"countdown","207","2014-01-16"
"musicbank","207","2014-01-17"
"musiccore","207","2014-01-18"
"inkigayo","207","2014-01-19"
"showchampion","23","2014-01-22"
"countdown","207","2014-01-23"
"musicbank","23","2014-01-24"
"musiccore","23","2014-01-25"
"inkigayo","23","2014-01-26"
"showchampion","23","2014-01-29"
"countdown","207","2014-01-30"
"musicbank","23","2014-01-31"
"inkigayo","77","2014-02-02"
"showchampion","23","2014-02-05"
"countdown","77","2014-02-06"
"musicbank","207","2014-02-07"
"musiccore","23","2014-02-08"
"inkigayo","16","2014-02-09"
"showchampion","22","2014-02-12"
"countdown","77","2014-02-13"
"musicbank","22","2014-02-14"
"inkigayo","22","2014-02-16"
"showchampion","180","2014-02-19"
"countdown","180","2014-02-20"
"musicbank","180","2014-02-21"
"musiccore","180","2014-02-22"
"inkigayo","180","2014-02-23"
"countdown","180","2014-02-27"
"musicbank","180","2014-02-28"
"musiccore","180","2014-03-01"
"inkigayo","268","2014-03-02"
"showchampion","46","2014-03-05"
"countdown","78","2014-03-06"
"musicbank","180","2014-03-07"
"inkigayo","78","2014-03-09"
"showchampion","78","2014-03-12"
"countdown","78","2014-03-13"
"musicbank","78","2014-03-14"
"musiccore","78","2014-03-15"
"inkigayo","4","2014-03-16"
"showchampion","78","2014-03-19"
"countdown","4","2014-03-20"
"musicbank","180","2014-03-21"
"musiccore","78","2014-03-22"
"inkigayo","78","2014-03-23"
"countdown","4","2014-03-27"
"musicbank","46","2014-03-28"
"inkigayo","7","2014-03-30"
"countdown","7","2014-04-03"
"musicbank","180","2014-04-04"
"inkigayo","347","2014-04-06"
"showchampion","18","2014-04-09"
"countdown","18","2014-04-10"
"musicbank","18","2014-04-11"
"musiccore","18","2014-04-12"
"inkigayo","18","2014-04-13"
"showchampion","137","2014-04-16"
"countdown","14","2014-04-17"
"inkigayo","14","2014-04-20"
"countdown","14","2014-04-24"
"inkigayo","14","2014-04-27"
"countdown","14","2014-05-01"
"musiccore","347","2014-05-04"
"inkigayo","14","2014-05-04"
"countdown","18","2014-05-08"
"inkigayo","100","2014-05-11"
"showchampion","373","2014-05-14"
"countdown","373","2014-05-15"
"musiccore","373","2014-05-17"
"inkigayo","373","2014-05-18"
"showchampion","352","2014-05-21"
"countdown","373","2014-05-22"
"musiccore","373","2014-05-24"
"inkigayo","373","2014-05-25"
"showchampion","96","2014-05-28"
"countdown","96","2014-05-29"
"musicbank","96","2014-05-30"
"musiccore","321","2014-05-31"
"inkigayo","373","2014-06-01"
"showchampion","96","2014-06-04"
"countdown","96","2014-06-05"
"musicbank","321","2014-06-06"
"musiccore","72","2014-06-07"
"inkigayo","215","2014-06-08"
"showchampion","215","2014-06-11"
"countdown","199","2014-06-12"
"musicbank","96","2014-06-13"
"musiccore","199","2014-06-14"
"inkigayo","199","2014-06-15"
"countdown","199","2014-06-19"
"musicbank","199","2014-06-20"
"musiccore","26","2014-06-21"
"inkigayo","199","2014-06-22"
"countdown","26","2014-06-26"
"musicbank","26","2014-06-27"
"musiccore","26","2014-06-28"
"inkigayo","26","2014-06-29"
"showchampion","26","2014-07-02"
"countdown","199","2014-07-03"
"musicbank","26","2014-07-04"
"musiccore","26","2014-07-05"
"inkigayo","199","2014-07-06"
"showchampion","114","2014-07-09"
"countdown","114","2014-07-10"
"musicbank","26","2014-07-11"
"musiccore","26","2014-07-12"
"inkigayo","26","2014-07-13"
"showchampion","65","2014-07-16"
"countdown","65","2014-07-17"
"musicbank","65","2014-07-18"
"musiccore","65","2014-07-19"
"inkigayo","65","2014-07-20"
"showchampion","23","2014-07-23"
"countdown","23","2014-07-24"
"musicbank","23","2014-07-25"
"musiccore","77","2014-07-26"
"inkigayo","77","2014-07-27"
"showchampion","77","2014-07-30"
"countdown","174","2014-07-31"
"musicbank","174","2014-08-01"
"musiccore","96","2014-08-02"
"inkigayo","174","2014-08-03"
"showchampion","93","2014-08-06"
"countdown","174","2014-08-07"
"musicbank","174","2014-08-08"
"inkigayo","174","2014-08-10"
"showchampion","93","2014-08-13"
"countdown","32","2014-08-14"
"musicbank","174","2014-08-15"
"inkigayo","174","2014-08-17"
"showchampion","32","2014-08-20"
"countdown","217","2014-08-21"
"musicbank","217","2014-08-22"
"musiccore","32","2014-08-23"
"inkigayo","217","2014-08-24"
"showchampion","117","2014-08-27"
"countdown","217","2014-08-28"
"musicbank","198","2014-08-29"
"musiccore","198","2014-08-30"
"inkigayo","217","2014-08-31"
"showchampion","174","2014-09-03"
"countdown","174","2014-09-04"
"musicbank","174","2014-09-05"
"musiccore","174","2014-09-06"
"inkigayo","174","2014-09-07"
"showchampion","189","2014-09-10"
"countdown","189","2014-09-11"
"musicbank","189","2014-09-12"
"musiccore","189","2014-09-13"
"inkigayo","189","2014-09-14"
"showchampion","189","2014-09-17"
"countdown","217","2014-09-18"
"musicbank","189","2014-09-19"
"musiccore","189","2014-09-20"
"inkigayo","189","2014-09-21"
"showchampion","202","2014-09-24"
"countdown","79","2014-09-25"
"musicbank","202","2014-09-26"
"inkigayo","79","2014-09-28"
"countdown","79","2014-10-02"
"musicbank","79","2014-10-03"
"inkigayo","13","2014-10-05"
"countdown","13","2014-10-09"
"musicbank","13","2014-10-10"
"musiccore","79","2014-10-11"
"inkigayo","426","2014-10-12"
"showchampion","13","2014-10-15"
"countdown","430","2014-10-16"
"musicbank","426","2014-10-17"
"musiccore","430","2014-10-18"
"inkigayo","98","2014-10-19"
"showchampion","215","2014-10-22"
"countdown","597","2014-10-23"
"musicbank","215","2014-10-24"
"inkigayo","215","2014-10-26"
"theshow","215","2014-10-28"
"showchampion","26","2014-10-29"
"countdown","57","2014-10-30"
"musicbank","26","2014-10-31"
"musiccore","26","2014-11-01"
"inkigayo","26","2014-11-02"
"theshow","215","2014-11-04"
"countdown","57","2014-11-06"
"musicbank","26","2014-11-07"
"musiccore","26","2014-11-08"
"inkigayo","26","2014-11-09"
"theshow","34","2014-11-11"
"countdown","57","2014-11-13"
"musicbank","26","2014-11-14"
"musiccore","534","2014-11-15"
"inkigayo","534","2014-11-16"
"theshow","608","2014-11-18"
"showchampion","16","2014-11-19"
"countdown","123","2014-11-20"
"musicbank","123","2014-11-21"
"musiccore","123","2014-11-22"
"inkigayo","85","2014-11-23"
"theshow","90","2014-11-25"
"showchampion","123","2014-11-26"
"countdown","123","2014-11-27"
"musicbank","609","2014-11-28"
"musiccore","609","2014-11-29"
"inkigayo","73","2014-11-30"
"theshow","18","2014-12-02"
"musicbank","18","2014-12-05"
"musiccore","18","2014-12-06"
"inkigayo","18","2014-12-07"
"theshow","18","2014-12-09"
"musicbank","18","2014-12-12"
"musiccore","18","2014-12-13"
"inkigayo","18","2014-12-14"
"theshow","18","2014-12-16"
"countdown","18","2014-12-18"
"musicbank","18","2014-12-19"
"musiccore","18","2014-12-20"
"countdown","18","2014-12-25"
"musicbank","18","2014-12-26"
"inkigayo","18","2014-12-28"
"musicbank","61","2015-01-02"
"musiccore","18","2015-01-03"
"inkigayo","73","2015-01-04"
"countdown","60","2015-01-08"
"musicbank","60","2015-01-09"
"musiccore","18","2015-01-10"
"inkigayo","60","2015-01-11"
"theshow","60","2015-01-13"
"countdown","60","2015-01-15"
"musicbank","60","2015-01-16"
"musiccore","109","2015-01-17"
"inkigayo","109","2015-01-18"
"theshow","109","2015-01-20"
"showchampion","109","2015-01-21"
"countdown","109","2015-01-22"
"musicbank","109","2015-01-23"
"musiccore","109","2015-01-24"
"inkigayo","137","2015-01-25"
"theshow","109","2015-01-27"
"showchampion","137","2015-01-28"
"countdown","137","2015-01-29"
"musiccore","53","2015-01-31"
"theshow","97","2015-02-03"
"countdown","53","2015-02-05"
"musicbank","53","2015-02-06"
"musiccore","97","2015-02-07"
"inkigayo","97","2015-02-08"
"theshow","97","2015-02-10"
"countdown","97","2015-02-12"
"inkigayo","378","2015-02-15"
"theshow","210","2015-02-17"
"showchampion","7","2015-02-18"
"countdown","7","2015-02-19"
"musicbank","378","2015-02-20"
"musiccore","7","2015-02-21"
"inkigayo","7","2015-02-22"
"showchampion","7","2015-02-25"
"countdown","7","2015-02-26"
"inkigayo","7","2015-03-01"
"theshow","215","2015-03-03"
"showchampion","215","2015-03-04"
"countdown","215","2015-03-05"
"musicbank","215","2015-03-06"
"musiccore","215","2015-03-07"
"inkigayo","215","2015-03-08"
"theshow","215","2015-03-10"
"showchampion","173","2015-03-11"
"countdown","173","2015-03-12"
"musicbank","173","2015-03-13"
"musiccore","173","2015-03-14"
"inkigayo","173","2015-03-15"
"theshow","215","2015-03-17"
"showchampion","173","2015-03-18"
"countdown","173","2015-03-19"
"musicbank","190","2015-03-20"
"musiccore","173","2015-03-21"
"inkigayo","173","2015-03-22"
"theshow","34","2015-03-24"
"showchampion","141","2015-03-25"
"countdown","173","2015-03-26"
"musicbank","165","2015-03-27"
"inkigayo","165","2015-03-29"
"theshow","165","2015-03-31"
"showchampion","165","2015-04-01"
"countdown","165","2015-04-02"
"musicbank","67","2015-04-03"
"musiccore","165","2015-04-04"
"inkigayo","61","2015-04-05"
"theshow","67","2015-04-07"
"showchampion","61","2015-04-08"
"countdown","61","2015-04-08"
"musicbank","61","2015-04-10"
"musiccore","61","2015-04-11"
"inkigayo","61","2015-04-12"
"theshow","67","2015-04-14"
"showchampion","61","2015-04-15"
"countdown","61","2015-04-16"
"musicbank","61","2015-04-17"
"musiccore","61","2015-04-18"
"inkigayo","61","2015-04-19"
"theshow","60","2015-04-21"
"showchampion","61","2015-04-22"
"musicbank","61","2015-04-24"
"musiccore","61","2015-04-25"
"inkigayo","60","2015-04-26"
"theshow","61","2015-04-28"
"showchampion","60","2015-04-29"
"countdown","61","2015-04-30"
"musicbank","61","2015-05-01"
"musiccore","61","2015-05-02"
"inkigayo","60","2015-05-03"
"theshow","40","2015-05-05"
"showchampion","60","2015-05-06"
"countdown","40","2015-05-07"
"musicbank","40","2015-05-08"
"musiccore","28","2015-05-09"
"inkigayo","28","2015-05-10"
"theshow","40","2015-05-12"
"showchampion","40","2015-05-13"
"countdown","28","2015-05-14"
"musicbank","28","2015-05-15"
"musiccore","28","2015-05-16"
"inkigayo","28","2015-05-17"
"showchampion","28","2015-05-20"
"countdown","28","2015-05-21"
"musicbank","28","2015-05-22"
"musiccore","260","2015-05-23"
"inkigayo","28","2015-05-24"
"theshow","212","2015-05-26"
"showchampion","172","2015-05-27"
"countdown","172","2015-05-28"
"musicbank","172","2015-05-29"
"inkigayo","172","2015-05-31"
"theshow","117","2015-06-02"
"countdown","172","2015-06-04"
"musicbank","172","2015-06-05"
"musiccore","172","2015-06-06"
"inkigayo","172","2015-06-07"
"theshow","172","2015-06-09"
"showchampion","61","2015-06-10"
"countdown","28","2015-06-11"
"musicbank","61","2015-06-12"
"musiccore","61","2015-06-13"
"inkigayo","28","2015-06-14"
"theshow","61","2015-06-16"
"showchampion","61","2015-06-17"
"countdown","61","2015-06-18"
"musicbank","61","2015-06-19"
"musiccore","61","2015-06-20"
"inkigayo","61","2015-06-21"
"theshow","5","2015-06-23"
"showchampion","61","2015-06-24"
"countdown","28","2015-06-25"
"musicbank","24","2015-06-26"
"musiccore","61","2015-06-27"
"inkigayo","28","2015-06-28"
"theshow","202","2015-06-30"
"showchampion","16","2015-07-01"
"countdown","174","2015-07-02"
"musicbank","174","2015-07-03"
"musiccore","16","2015-07-04"
"inkigayo","174","2015-07-05"
"theshow","16","2015-07-07"
"showchampion","174","2015-07-08"
"countdown","28","2015-07-09"
"musicbank","174","2015-07-10"
"musiccore","28","2015-07-11"
"inkigayo","28","2015-07-12"
"theshow","78","2015-07-14"
"showchampion","78","2015-07-15"
"countdown","78","2015-07-16"
"musicbank","78","2015-07-17"
"musiccore","78","2015-07-18"
"inkigayo","78","2015-07-19"
"theshow","96","2015-07-21"
"showchampion","96","2015-07-22"
"countdown","96","2015-07-23"
"musicbank","96","2015-07-24"
"musiccore","96","2015-07-25"
"inkigayo","78","2015-07-26"
"theshow","96","2015-07-28"
"showchampion","18","2015-07-29"
"countdown","18","2015-07-30"
"musicbank","18","2015-07-31"
"inkigayo","26","2015-08-02"
"showchampion","26","2015-08-05"
"countdown","26","2015-08-06"
"musicbank","26","2015-08-07"
"musiccore","26","2015-08-08"
"inkigayo","26","2015-08-09"
"showchampion","172","2015-08-12"
"musicbank","172","2015-08-14"
"musiccore","28","2015-08-15"
"inkigayo","28","2015-08-16"
"showchampion","23","2015-08-19"
"countdown","74","2015-08-20"
"musicbank","28","2015-08-21"
"musiccore","28","2015-08-22"
"inkigayo","28","2015-08-23"
"theshow","78","2015-08-25"
"showchampion","78","2015-08-26"
"countdown","78","2015-08-27"
"musicbank","78","2015-08-28"
"musiccore","78","2015-08-29"
"inkigayo","78","2015-08-30"
"theshow","269","2015-09-01"
"countdown","78","2015-09-03"
"musicbank","78","2015-09-04"
"inkigayo","78","2015-09-06"
"countdown","78","2015-09-10"
"musicbank","78","2015-09-11"
"inkigayo","78","2015-09-13"
"theshow","165","2015-09-15"
"showchampion","165","2015-09-16"
"countdown","165","2015-09-17"
"musicbank","78","2015-09-18"
"musiccore","78","2015-09-19"
"inkigayo","165","2015-09-20"
"theshow","46","2015-09-22"
"showchampion","46","2015-09-23"
"countdown","165","2015-09-24"
"musicbank","46","2015-09-25"
"musiccore","95","2015-09-26"
"inkigayo","95","2015-09-27"
"theshow","46","2015-09-29"
"countdown","181","2015-10-01"
"musicbank","46","2015-10-02"
"inkigayo","95","2015-10-04"
"theshow","80","2015-10-06"
"showchampion","13","2015-10-07"
"countdown","95","2015-10-08"
"musicbank","132","2015-10-09"
"inkigayo","132","2015-10-11"
"theshow","80","2015-10-13"
"showchampion","200","2015-10-14"
"countdown","200","2015-10-15"
"musicbank","200","2015-10-16"
"inkigayo","200","2015-10-18"
"theshow","80","2015-10-20"
"showchampion","38","2015-10-21"
"countdown","200","2015-10-22"
"musicbank","200","2015-10-23"
"musiccore","200","2015-10-24"
"inkigayo","200","2015-10-25"
"countdown","200","2015-10-29"
"musicbank","200","2015-10-30"
"inkigayo","98","2015-11-01"
"countdown","65","2015-11-05"
"musicbank","65","2015-11-06"
"inkigayo","98","2015-11-08"
"theshow","65","2015-11-10"
"musicbank","65","2015-11-13"
"musiccore","98","2015-11-14"
"inkigayo","225","2015-11-15"
"theshow","215","2015-11-17"
"showchampion","215","2015-11-18"
"countdown","65","2015-11-19"
"musicbank","215","2015-11-20"
"inkigayo","200","2015-11-22"
"showchampion","60","2015-11-25"
"countdown","384","2015-11-26"
"musicbank","22","2015-11-27"
"inkigayo","95","2015-11-29"
"theshow","22","2015-12-01"
"showchampion","384","2015-12-02"
"inkigayo","60","2015-12-06"
"theshow","40","2015-12-08"
"showchampion","40","2015-12-09"
"musicbank","40","2015-12-11"
"inkigayo","158","2015-12-13"
"showchampion","40","2015-12-16"
"countdown","158","2015-12-17"
"musicbank","61","2015-12-18"
"inkigayo","158","2015-12-20"
"countdown","158","2015-12-24"
"musicbank","61","2015-12-25"
"inkigayo","158","2015-12-27"
"musicbank","61","2016-01-01"
"inkigayo","206","2016-01-03"
"countdown","158","2016-01-07"
"musicbank","40","2016-01-08"
"inkigayo","71","2016-01-10"
"countdown","95","2016-01-14"
"musicbank","192","2016-01-15"
"inkigayo","192","2016-01-17"
"countdown","95","2016-01-21"
"musicbank","192","2016-01-22"
"inkigayo","192","2016-01-24"
"theshow","202","2016-01-26"
"showchampion","49","2016-01-27"
"countdown","95","2016-01-28"
"musicbank","202","2016-01-29"
"inkigayo","192","2016-01-31"
"theshow","76","2016-02-02"
"showchampion","76","2016-02-03"
"countdown","76","2016-02-04"
"musicbank","76","2016-02-05"
"inkigayo","76","2016-02-07"
"countdown","76","2016-02-11"
"musicbank","76","2016-02-12"
"inkigayo","200","2016-02-14"
"theshow","76","2016-02-16"
"showchampion","76","2016-02-17"
"countdown","76","2016-02-18"
"musicbank","76","2016-02-19"
"inkigayo","76","2016-02-21"
"theshow","326","2016-02-23"
"showchampion","76","2016-02-24"
"countdown","217","2016-02-25"
"musicbank","76","2016-02-26"
"inkigayo","76","2016-02-28"
"theshow","198","2016-03-01"
"showchampion","198","2016-03-02"
"countdown","198","2016-03-03"
"musicbank","198","2016-03-04"
"inkigayo","138","2016-03-06"
"theshow","22","2016-03-08"
"showchampion","138","2016-03-09"
"countdown","138","2016-03-10"
"musicbank","138","2016-03-11"
"inkigayo","138","2016-03-13"
"theshow","138","2016-03-15"
"showchampion","138","2016-03-16"
"countdown","128","2016-03-17"
"musicbank","138","2016-03-18"
"inkigayo","128","2016-03-20"
"theshow","165","2016-03-22"
"showchampion","165","2016-03-23"
"countdown","165","2016-03-24"
"musicbank","165","2016-03-25"
"inkigayo","165","2016-03-27"
"theshow","80","2016-03-29"
"countdown","80","2016-03-31"
"musicbank","80","2016-04-01"
"inkigayo","80","2016-04-03"
"theshow","80","2016-04-05"
"showchampion","38","2016-04-06"
"countdown","38","2016-04-07"
"musicbank","38","2016-04-08"
"inkigayo","32","2016-04-10"
"theshow","46","2016-04-12"
"showchampion","46","2016-04-13"
"countdown","46","2016-04-14"
"musicbank","46","2016-04-15"
"inkigayo","425","2016-04-17"
"theshow","46","2016-04-19"
"showchampion","32","2016-04-20"
"countdown","32","2016-04-21"
"musicbank","46","2016-04-22"
"inkigayo","32","2016-04-24"
"theshow","215","2016-04-26"
"showchampion","215","2016-04-27"
"countdown","255","2016-04-28"
"musicbank","215","2016-04-29"
"inkigayo","255","2016-05-01"
"theshow","215","2016-05-03"
"showchampion","171","2016-05-04"
"countdown","208","2016-05-05"
"musicbank","208","2016-05-06"
"inkigayo","208","2016-05-08"
"theshow","215","2016-05-10"
"showchampion","171","2016-05-11"
"countdown","40","2016-05-12"
"musicbank","40","2016-05-13"
"inkigayo","40","2016-05-15"
"theshow","204","2016-05-17"
"showchampion","204","2016-05-18"
"countdown","208","2016-05-19"
"musicbank","208","2016-05-20"
"inkigayo","208","2016-05-22"
"theshow","16","2016-05-24"
"showchampion","16","2016-05-25"
"countdown","208","2016-05-26"
"inkigayo","208","2016-05-29"
"theshow","109","2016-05-31"
"showchampion","109","2016-06-01"
"countdown","24","2016-06-02"
"musicbank","208","2016-06-03"
"inkigayo","24","2016-06-05"
"showchampion","60","2016-06-08"
"countdown","24","2016-06-09"
"musicbank","208","2016-06-10"
"inkigayo","60","2016-06-12"
"theshow","60","2016-06-14"
"countdown","61","2016-06-16"
"musicbank","61","2016-06-17"
"inkigayo","61","2016-06-19"
"showchampion","61","2016-06-22"
"countdown","61","2016-06-23"
"musicbank","61","2016-06-24"
"inkigayo","61","2016-06-26"
"showchampion","174","2016-06-29"
"countdown","61","2016-06-30"
"musicbank","61","2016-07-01"
"inkigayo","174","2016-07-03"
"theshow","60","2016-07-05"
"showchampion","174","2016-07-06"
"countdown","174","2016-07-07"
"musicbank","200","2016-07-08"
"inkigayo","200","2016-07-10"
"theshow","219","2016-07-12"
"showchampion","26","2016-07-13"
"countdown","219","2016-07-14"
"musicbank","26","2016-07-15"
"musicbank","26","2016-07-15"
"inkigayo","219","2016-07-17"
"theshow","76","2016-07-19"
"showchampion","76","2016-07-20"
"countdown","76","2016-07-21"
"musicbank","76","2016-07-22"
"inkigayo","76","2016-07-24"
"theshow","67","2016-07-26"
"countdown","76","2016-07-28"
"musicbank","76","2016-07-29"
"inkigayo","76","2016-07-31"
"theshow","76","2016-08-02"
"countdown","76","2016-08-04"
"musicbank","219","2016-08-05"
"inkigayo","76","2016-08-07"
"theshow","76","2016-08-09"
"showchampion","76","2016-08-10"
"countdown","93","2016-08-11"
"musicbank","76","2016-08-12"
"inkigayo","93","2016-08-14"
"theshow","94","2016-08-16"
"showchampion","94","2016-08-17"
"countdown","94","2016-08-18"
"musicbank","94","2016-08-19"
"inkigayo","31","2016-08-21"
"theshow","215","2016-08-23"
"showchampion","215","2016-08-24"
"countdown","61","2016-08-25"
"musicbank","61","2016-08-26"
"inkigayo","61","2016-08-28"
"theshow","94","2016-08-30"
"showchampion","61","2016-08-31"
"countdown","61","2016-09-01"
"musicbank","61","2016-09-02"
"inkigayo","61","2016-09-04"
"theshow","215","2016-09-06"
"countdown","31","2016-09-08"
"inkigayo","31","2016-09-11"
"theshow","165","2016-09-13"
"countdown","165","2016-09-15"
"musicbank","132","2016-09-16"
"inkigayo","132","2016-09-18"
"theshow","165","2016-09-20"
"showchampion","165","2016-09-21"
"countdown","165","2016-09-22"
"musicbank","132","2016-09-23"
"inkigayo","165","2016-09-25"
"showchampion","132","2016-09-28"
"countdown","96","2016-09-29"
"musicbank","96","2016-09-30"
"inkigayo","96","2016-10-02"
"countdown","80","2016-10-06"
"musicbank","80","2016-10-07"
"inkigayo","80","2016-10-09"
"theshow","172","2016-10-11"
"countdown","172","2016-10-13"
"musicbank","172","2016-10-14"
"inkigayo","172","2016-10-16"
"theshow","80","2016-10-18"
"showchampion","40","2016-10-19"
"countdown","40","2016-10-20"
"musicbank","40","2016-10-21"
"inkigayo","40","2016-10-23"
"theshow","40","2016-10-25"
"showchampion","94","2016-10-26"
"countdown","94","2016-10-27"
"musicbank","40","2016-10-28"
"inkigayo","94","2016-10-30"
"theshow","208","2016-11-01"
"showchampion","208","2016-11-02"
"countdown","208","2016-11-03"
"musicbank","208","2016-11-04"
"inkigayo","208","2016-11-06"
"theshow","215","2016-11-08"
"countdown","208","2016-11-10"
"musicbank","208","2016-11-11"
"inkigayo","208","2016-11-13"
"theshow","62","2016-11-15"
"musicbank","208","2016-11-18"
"inkigayo","208","2016-11-20"
"theshow","22","2016-11-22"
"musicbank","208","2016-11-25"
"inkigayo","31","2016-11-27"
"theshow","138","2016-11-29"
"showchampion","119","2016-11-30"
"musicbank","208","2016-12-02"
"inkigayo","31","2016-12-04"
"theshow","23","2016-12-06"
"musicbank","23","2016-12-09"
"inkigayo","225","2016-12-11"
"showchampion","23","2016-12-14"
"countdown","171","2016-12-15"
"musicbank","171","2016-12-16"
"inkigayo","231","2016-12-18"
"showchampion","171","2016-12-21"
"countdown","28","2016-12-22"
"musicbank","28","2016-12-23"
"inkigayo","28","2016-12-25"
"musicbank","61","2016-12-30"
"inkigayo","28","2017-01-01"
"countdown","28","2017-01-05"
"musicbank","208","2017-01-06"
"inkigayo","28","2017-01-08"
"countdown","28","2017-01-12"
"musicbank","28","2017-01-13"
"inkigayo","173","2017-01-15"
"showchampion","16","2017-01-18"
"countdown","14","2017-01-19"
"musicbank","28","2017-01-20"
"inkigayo","173","2017-01-22"
"showchampion","16","2017-01-25"
"countdown","169","2017-01-26"
"musicbank","281","2017-01-27"
"inkigayo","94","2017-01-29"
"countdown","16","2017-02-02"
"musicbank","281","2017-02-03"
"inkigayo","545","2017-02-05"
"theshow","165","2017-02-07"
"showchampion","165","2017-02-08"
"countdown","165","2017-02-09"
"musicbank","165","2017-02-10"
"inkigayo","165","2017-02-12"
"theshow","149","2017-02-14"
"showchampion","165","2017-02-15"
"countdown","165","2017-02-16"
"musicbank","165","2017-02-17"
"inkigayo","165","2017-02-19"
"theshow","149","2017-02-21"
"showchampion","40","2017-02-22"
"countdown","40","2017-02-23"
"musicbank","40","2017-02-24"
"inkigayo","40","2017-02-26"
"theshow","149","2017-02-28"
"countdown","208","2017-03-02"
"musicbank","208","2017-03-03"
"inkigayo","208","2017-03-05"
"theshow","208","2017-03-07"
"showchampion","208","2017-03-08"
"countdown","200","2017-03-09"
"musicbank","200","2017-03-10"
"inkigayo","208","2017-03-12"
"theshow","76","2017-03-14"
"showchampion","38","2017-03-15"
"countdown","208","2017-03-16"
"musicbank","208","2017-03-17"
"inkigayo","208","2017-03-19"
"theshow","80","2017-03-21"
"showchampion","80","2017-03-22"
"countdown","80","2017-03-23"
"musicbank","80","2017-03-24"
"inkigayo","546","2017-03-26"
"theshow","86","2017-03-28"
"showchampion","86","2017-03-29"
"countdown","86","2017-03-30"
"musicbank","86","2017-03-31"
"inkigayo","86","2017-04-02"
"theshow","77","2017-04-04"
"showchampion","77","2017-04-05"
"musicbank","86","2017-04-07"
"inkigayo","98","2017-04-09"
"theshow","76","2017-04-11"
"showchampion","98","2017-04-12"
"countdown","217","2017-04-13"
"musicbank","86","2017-04-14"
"inkigayo","217","2017-04-16"
"theshow","255","2017-04-18"
"showchampion","255","2017-04-19"
"countdown","217","2017-04-20"
"musicbank","202","2017-04-21"
"musiccore","217","2017-04-22"
"inkigayo","217","2017-04-23"
"theshow","60","2017-04-25"
"showchampion","60","2017-04-26"
"countdown","98","2017-04-27"
"musicbank","125","2017-04-28"
"musiccore","98","2017-04-29"
"inkigayo","98","2017-04-30"
"theshow","60","2017-05-02"
"countdown","98","2017-05-04"
"musicbank","98","2017-05-05"
"musiccore","98","2017-05-06"
"inkigayo","98","2017-05-07"
"countdown","92","2017-05-11"
"musicbank","266","2017-05-12"
"musiccore","266","2017-05-13"
"inkigayo","98","2017-05-14"
"theshow","134","2017-05-16"
"showchampion","98","2017-05-17"
"countdown","158","2017-05-18"
"musicbank","98","2017-05-19"
"musiccore","266","2017-05-20"
"inkigayo","158","2017-05-21"
"theshow","215","2017-05-23"
"showchampion","208","2017-05-24"
"countdown","208","2017-05-25"
"musicbank","208","2017-05-26"
"musiccore","208","2017-05-27"
"inkigayo","208","2017-05-28"
"theshow","171","2017-05-30"
"showchampion","208","2017-05-31"
"countdown","208","2017-06-01"
"musicbank","171","2017-06-02"
"musiccore","208","2017-06-03"
"inkigayo","208","2017-06-04"
"showchampion","171","2017-06-07"
"countdown","86","2017-06-08"
"musicbank","208","2017-06-09"
"musiccore","86","2017-06-10"
"inkigayo","208","2017-06-11"
"theshow","171","2017-06-13"
"showchampion","171","2017-06-14"
"countdown","171","2017-06-15"
"musicbank","208","2017-06-16"
"musiccore","68","2017-06-17"
"inkigayo","68","2017-06-18"
"theshow","193","2017-06-20"
"showchampion","68","2017-06-21"
"countdown","148","2017-06-22"
"musicbank","417","2017-06-23"
"musiccore","68","2017-06-24"
"inkigayo","68","2017-06-25"
"theshow","138","2017-06-27"
"showchampion","138","2017-06-28"
"countdown","138","2017-06-29"
"musicbank","68","2017-06-30"
"musiccore","138","2017-07-01"
"inkigayo","31","2017-07-02"
"theshow","18","2017-07-04"
"showchampion","18","2017-07-05"
"countdown","138","2017-07-06"
"musicbank","138","2017-07-07"
"musiccore","18","2017-07-08"
"inkigayo","31","2017-07-09"
"theshow","18","2017-07-11"
"showchampion","18","2017-07-12"
"countdown","138","2017-07-13"
"musicbank","231","2017-07-14"
"musiccore","18","2017-07-15"
"inkigayo","31","2017-07-16"
"showchampion","165","2017-07-19"
"countdown","165","2017-07-20"
"musicbank","165","2017-07-21"
"musiccore","165","2017-07-22"
"inkigayo","165","2017-07-23"
"showchampion","61","2017-07-26"
"countdown","61","2017-07-27"
"musicbank","61","2017-07-28"
"inkigayo","61","2017-07-30"
"showchampion","61","2017-08-02"
"countdown","61","2017-08-03"
"musicbank","61","2017-08-04"
"musiccore","61","2017-08-05"
"inkigayo","61","2017-08-06"
"theshow","76","2017-08-08"
"showchampion","76","2017-08-09"
"countdown","61","2017-08-10"
"musicbank","76","2017-08-11"
"musiccore","61","2017-08-12"
"inkigayo","76","2017-08-13"
"showchampion","265","2017-08-16"
"countdown","265","2017-08-17"
"musicbank","265","2017-08-18"
"musiccore","265","2017-08-19"
"inkigayo","265","2017-08-20"
"theshow","265","2017-08-22"
"showchampion","265","2017-08-23"
"countdown","265","2017-08-24"
"musicbank","265","2017-08-25"
"musiccore","265","2017-08-26"
"inkigayo","265","2017-08-27"
"theshow","265","2017-08-29"
"showchampion","265","2017-08-30"
"countdown","265","2017-08-31"
"musicbank","438","2017-09-01"
"musiccore","265","2017-09-02"
"inkigayo","268","2017-09-03"
"showchampion","268","2017-09-06"
"countdown","268","2017-09-07"
"musicbank","438","2017-09-08"
"inkigayo","268","2017-09-10"
"showchampion","61","2017-09-13"
"countdown","61","2017-09-14"
"musicbank","61","2017-09-15"
"inkigayo","61","2017-09-17"
"theshow","76","2017-09-19"
"countdown","76","2017-09-21"
"musicbank","61","2017-09-22"
"inkigayo","268","2017-09-24"
"theshow","40","2017-09-26"
"showchampion","40","2017-09-27"
"countdown","40","2017-09-28"
"musicbank","40","2017-09-29"
"inkigayo","40","2017-10-01"
"countdown","40","2017-10-05"
"musicbank","40","2017-10-06"
"inkigayo","40","2017-10-08"
"musicbank","40","2017-10-13"
"inkigayo","40","2017-10-15"
"theshow","291","2017-10-17"
"countdown","302","2017-10-19"
"musicbank","302","2017-10-20"
"inkigayo","291","2017-10-22"
"theshow","86","2017-10-24"
"showchampion","38","2017-10-25"
"countdown","38","2017-10-26"
"musicbank","38","2017-10-27"
"inkigayo","38","2017-10-29"
"showchampion","38","2017-11-01"
"countdown","38","2017-11-02"
"musicbank","57","2017-11-03"
"inkigayo","38","2017-11-05"
"showchampion","208","2017-11-08"
"countdown","208","2017-11-09"
"musicbank","208","2017-11-10"
"inkigayo","208","2017-11-12"
"theshow","143","2017-11-14"
"showchampion","171","2017-11-15"
"countdown","208","2017-11-16"
"musicbank","171","2017-11-17"
"inkigayo","208","2017-11-19"
"theshow","60","2017-11-21"
"showchampion","265","2017-11-22"
"countdown","265","2017-11-23"
"musicbank","265","2017-11-24"
"musiccore","265","2017-11-25"
"inkigayo","208","2017-11-26"
"theshow","134","2017-11-28"
"musicbank","265","2017-12-01"
"musiccore","265","2017-12-02"
"inkigayo","304","2017-12-03"
"musicbank","304","2017-12-08"
"musiccore","265","2017-12-09"
"inkigayo","165","2017-12-10"
"musicbank","378","2017-12-15"
"musiccore","265","2017-12-16"
"inkigayo","226","2017-12-17"
"countdown","208","2017-12-21"
"musicbank","208","2017-12-22"
"musiccore","208","2017-12-23"
"inkigayo","208","2017-12-24"
"countdown","208","2017-12-28"
"musicbank","208","2017-12-29"
"inkigayo","208","2017-12-31"
"musicbank","61","2018-01-05"
"musiccore","61","2018-01-06"
"inkigayo","208","2018-01-07"
"countdown","267","2018-01-11"
"musicbank","61","2018-01-12"
"musiccore","208","2018-01-13"
"inkigayo","165","2018-01-14"
"showchampion","96","2018-01-17"
"countdown","96","2018-01-18"
"musicbank","96","2018-01-19"
"musiccore","96","2018-01-20"
"inkigayo","96","2018-01-21"
"theshow","152","2018-01-23"
"showchampion","152","2018-01-24"
"countdown","268","2018-01-25"
"musicbank","274","2018-01-26"
"musiccore","268","2018-01-27"
"inkigayo","268","2018-01-28"
"showchampion","267","2018-01-31"
"countdown","95","2018-02-01"
"musicbank","109","2018-02-02"
"musiccore","109","2018-02-03"
"inkigayo","268","2018-02-04"
"theshow","267","2018-02-06"
"showchampion","165","2018-02-07"
"countdown","165","2018-02-08"
"musicbank","165","2018-02-09"
"inkigayo","165","2018-02-11"
"showchampion","171","2018-02-14"
"countdown","165","2018-02-15"
"musicbank","171","2018-02-16"
"inkigayo","95","2018-02-18"
"countdown","267","2018-02-22"
"musicbank","267","2018-02-23"
"musiccore","95","2018-02-24"
"inkigayo","95","2018-02-25"
"theshow","409","2018-02-27"
"countdown","95","2018-03-01"
"musicbank","95","2018-03-02"
"musiccore","95","2018-03-03"
"inkigayo","95","2018-03-04"
"theshow","260","2018-03-06"
"showchampion","95","2018-03-07"
"countdown","95","2018-03-08"
"musicbank","260","2018-03-09"
"musiccore","95","2018-03-10"
"inkigayo","267","2018-03-11"
"theshow","138","2018-03-13"
"showchampion","138","2018-03-14"
"countdown","138","2018-03-15"
"musicbank","138","2018-03-16"
"musiccore","265","2018-03-17"
"inkigayo","138","2018-03-18"
"theshow","138","2018-03-20"
"showchampion","265","2018-03-21"
"countdown","138","2018-03-22"
"musicbank","80","2018-03-23"
"inkigayo","138","2018-03-25"
"theshow","148","2018-03-27"
"showchampion","265","2018-03-28"
"countdown","265","2018-03-29"
"musicbank","265","2018-03-30"
"musiccore","265","2018-03-31"
"inkigayo","138","2018-04-01"
"theshow","265","2018-04-03"
"showchampion","265","2018-04-04"
"countdown","265","2018-04-05"
"musicbank","265","2018-04-06"
"musiccore","265","2018-04-07"
"inkigayo","267","2018-04-08"
"theshow","60","2018-04-10"
"countdown","217","2018-04-12"
"musicbank","265","2018-04-13"
"musiccore","217","2018-04-14"
"inkigayo","217","2018-04-15"
"theshow","143","2018-04-17"
"showchampion","208","2018-04-18"
"countdown","208","2018-04-19"
"musicbank","208","2018-04-20"
"musiccore","208","2018-04-21"
"inkigayo","208","2018-04-22"
"theshow","215","2018-04-24"
"showchampion","208","2018-04-25"
"countdown","208","2018-04-26"
"musicbank","208","2018-04-27"
"musiccore","208","2018-04-28"
"inkigayo","208","2018-04-29"
"theshow","134","2018-05-01"
"showchampion","208","2018-05-02"
"countdown","217","2018-05-03"
"musicbank","417","2018-05-04"
"inkigayo","208","2018-05-06"
"theshow","76","2018-05-08"
"showchampion","76","2018-05-09"
"countdown","76","2018-05-10"
"musicbank","76","2018-05-11"
"musiccore","76","2018-05-12"
"inkigayo","76","2018-05-13"
"showchampion","76","2018-05-16"
"musicbank","76","2018-05-18"
"musiccore","76","2018-05-19"
"inkigayo","76","2018-05-20"
"theshow","292","2018-05-22"
"countdown","292","2018-05-24"
"musicbank","40","2018-05-25"
"musiccore","40","2018-05-26"
"inkigayo","40","2018-05-27"
"theshow","292","2018-05-29"
"showchampion","40","2018-05-30"
"countdown","40","2018-05-31"
"musicbank","40","2018-06-01"
"musiccore","40","2018-06-02"
"inkigayo","40","2018-06-03"
"theshow","172","2018-06-05"
"countdown","40","2018-06-07"
"musicbank","40","2018-06-08"
"musiccore","40","2018-06-09"
"inkigayo","40","2018-06-10"
"theshow","265","2018-06-12"
"showchampion","265","2018-06-13"
"countdown","265","2018-06-14"
"musicbank","265","2018-06-15"
"musiccore","265","2018-06-16"
"inkigayo","291","2018-06-17"
"showchampion","265","2018-06-20"
"countdown","172","2018-06-21"
"musicbank","265","2018-06-22"
"musiccore","31","2018-06-23"
"inkigayo","31","2018-06-24"
"theshow","541","2018-06-26"
"showchampion","38","2018-06-27"
"countdown","31","2018-06-28"
"musicbank","31","2018-06-29"
"musiccore","31","2018-06-30"
"inkigayo","31","2018-07-01"
"theshow","38","2018-07-03"
"countdown","31","2018-07-05"
"musicbank","302","2018-07-06"
"musiccore","31","2018-07-07"
"inkigayo","31","2018-07-08"
"theshow","18","2018-07-10"
"showchampion","18","2018-07-11"
"countdown","31","2018-07-12"
"musicbank","18","2018-07-13"
"musiccore","31","2018-07-14"
"inkigayo","18","2018-07-15"
"theshow","18","2018-07-17"
"showchampion","208","2018-07-18"
"countdown","208","2018-07-19"
"musicbank","208","2018-07-20"
"musiccore","208","2018-07-21"
"inkigayo","208","2018-07-22"
"theshow","138","2018-07-24"
"showchampion","171","2018-07-25"
"countdown","171","2018-07-26"
"musicbank","171","2018-07-27"
"inkigayo","208","2018-07-29"
"countdown","138","2018-08-02"
"musicbank","208","2018-08-03"
"musiccore","208","2018-08-04"
"inkigayo","208","2018-08-05"
"theshow","419","2018-08-07"
"countdown","95","2018-08-09"
"musicbank","422","2018-08-10"
"musiccore","208","2018-08-11"
"inkigayo","225","2018-08-12"
"theshow","55","2018-08-14"
"showchampion","165","2018-08-15"
"musicbank","165","2018-08-17"
"musiccore","165","2018-08-18"
"inkigayo","165","2018-08-19"
"theshow","165","2018-08-21"
"showchampion","165","2018-08-22"
"countdown","165","2018-08-23"
"musicbank","165","2018-08-24"
"inkigayo","165","2018-08-26"
"showchampion","292","2018-08-29"
"countdown","165","2018-08-30"
"musicbank","40","2018-08-31"
"inkigayo","40","2018-09-02"
"theshow","292","2018-09-04"
"showchampion","40","2018-09-05"
"countdown","292","2018-09-06"
"musicbank","40","2018-09-07"
"inkigayo","40","2018-09-09"
"theshow","408","2018-09-11"
"showchampion","40","2018-09-12"
"countdown","268","2018-09-13"
"musicbank","40","2018-09-14"
"inkigayo","40","2018-09-16"
"theshow","152","2018-09-18"
"showchampion","268","2018-09-19"
"countdown","268","2018-09-20"
"musicbank","268","2018-09-21"
"musiccore","268","2018-09-22"
"inkigayo","268","2018-09-23"
"countdown","80","2018-09-27"
"musicbank","80","2018-09-28"
"musiccore","80","2018-09-29"
"inkigayo","80","2018-09-30"
"theshow","218","2018-10-02"
"showchampion","80","2018-10-03"
"countdown","80","2018-10-04"
"musicbank","80","2018-10-05"
"musiccore","132","2018-10-06"
"inkigayo","132","2018-10-07"
"theshow","178","2018-10-09"
"showchampion","95","2018-10-10"
"countdown","95","2018-10-11"
"musicbank","95","2018-10-12"
"musiccore","95","2018-10-13"
"inkigayo","95","2018-10-14"
"theshow","148","2018-10-16"
"showchampion","95","2018-10-17"
"countdown","95","2018-10-18"
"musicbank","98","2018-10-19"
"musiccore","98","2018-10-20"
"inkigayo","98","2018-10-21"
"theshow","148","2018-10-23"
"countdown","148","2018-10-25"
"musicbank","148","2018-10-26"
"musiccore","98","2018-10-27"
"inkigayo","98","2018-10-28"
"theshow","143","2018-10-30"
"showchampion","143","2018-10-31"
"countdown","143","2018-11-01"
"musicbank","143","2018-11-02"
"musiccore","98","2018-11-03"
"inkigayo","98","2018-11-04"
"countdown","337","2018-11-08"
"musicbank","61","2018-11-09"
"inkigayo","406","2018-11-11"
"theshow","337","2018-11-13"
"showchampion","208","2018-11-14"
"countdown","208","2018-11-15"
"musicbank","61","2018-11-16"
"inkigayo","208","2018-11-18"
"theshow","337","2018-11-20"
"showchampion","208","2018-11-21"
"musicbank","38","2018-11-23"
"inkigayo","366","2018-11-25"
"theshow","265","2018-11-27"
"showchampion","265","2018-11-28"
"countdown","265","2018-11-29"
"musicbank","265","2018-11-30"
"musiccore","265","2018-12-01"
"inkigayo","366","2018-12-02"
"theshow","265","2018-12-04"
"showchampion","265","2018-12-05"
"countdown","379","2018-12-06"
"musicbank","151","2018-12-07"
"musiccore","379","2018-12-08"
"inkigayo","379","2018-12-09"
"showchampion","379","2018-12-12"
"musicbank","80","2018-12-14"
"musiccore","379","2018-12-15"
"inkigayo","366","2018-12-16"
"showchampion","379","2018-12-19"
"musicbank","61","2018-12-21"
"musiccore","61","2018-12-22"
"inkigayo","403","2018-12-23"
"countdown","217","2018-12-27"
"musicbank","61","2018-12-28"
"inkigayo","217","2018-12-30"
"countdown","217","2019-01-03"
"musicbank","61","2019-01-04"
"musiccore","217","2019-01-05"
"inkigayo","217","2019-01-06"
"showchampion","312","2019-01-09"
"countdown","312","2019-01-10"
"musicbank","217","2019-01-11"
"musiccore","312","2019-01-12"
"inkigayo","312","2019-01-13"
"showchampion","18","2019-01-16"
"countdown","18","2019-01-17"
"musicbank","312","2019-01-18"
"musiccore","312","2019-01-19"
"inkigayo","18","2019-01-20"
"theshow","76","2019-01-22"
"showchampion","76","2019-01-23"
"countdown","76","2019-01-24"
"musicbank","76","2019-01-25"
"musiccore","76","2019-01-26"
"inkigayo","76","2019-01-27"
"theshow","20","2019-01-29"
"showchampion","171","2019-01-30"
"countdown","171","2019-01-31"
"musicbank","171","2019-02-01"
"musiccore","171","2019-02-02"
"inkigayo","171","2019-02-03"
"countdown","171","2019-02-07"
"musicbank","171","2019-02-08"
"inkigayo","489","2019-02-10"
"theshow","45","2019-02-12"
"showchampion","171","2019-02-13"
"countdown","171","2019-02-14"
"musicbank","171","2019-02-15"
"musiccore","312","2019-02-16"
"inkigayo","489","2019-02-17"
"theshow","45","2019-02-19"
"showchampion","198","2019-02-20"
"countdown","460","2019-02-21"
"musicbank","198","2019-02-22"
"musiccore","460","2019-02-23"
"inkigayo","460","2019-02-24"
"theshow","143","2019-02-26"
"showchampion","143","2019-02-27"
"countdown","143","2019-02-28"
"musicbank","143","2019-03-01"
"musiccore","287","2019-03-02"
"inkigayo","460","2019-03-03"
"theshow","341","2019-03-05"
"showchampion","292","2019-03-06"
"countdown","460","2019-03-07"
"musicbank","460","2019-03-08"
"musiccore","460","2019-03-09"
"inkigayo","460","2019-03-10"
"theshow","465","2019-03-12"
"showchampion","461","2019-03-13"
"countdown","465","2019-03-14"
"musicbank","460","2019-03-15"
"musiccore","287","2019-03-16"
"inkigayo","341","2019-03-17"
"theshow","138","2019-03-19"
"showchampion","465","2019-03-20"
"countdown","138","2019-03-21"
"musicbank","57","2019-03-22"
"inkigayo","57","2019-03-24"
"theshow","267","2019-03-26"
"showchampion","138","2019-03-27"
"countdown","138","2019-03-28"
"musicbank","138","2019-03-29"
"musiccore","138","2019-03-30"
"inkigayo","138","2019-03-31"
"theshow","267","2019-04-02"
"showchampion","267","2019-04-03"
"countdown","288","2019-04-04"
"musicbank","476","2019-04-05"
"musiccore","200","2019-04-06"
"inkigayo","200","2019-04-07"
"theshow","337","2019-04-09"
"showchampion","337","2019-04-10"
"countdown","337","2019-04-11"
"musicbank","337","2019-04-12"
"musiccore","41","2019-04-13"
"inkigayo","41","2019-04-14"
"theshow","337","2019-04-16"
"showchampion","337","2019-04-17"
"countdown","337","2019-04-18"
"musicbank","40","2019-04-19"
"musiccore","40","2019-04-20"
"inkigayo","31","2019-04-21"
"theshow","190","2019-04-23"
"showchampion","40","2019-04-24"
"countdown","40","2019-04-25"
"musicbank","40","2019-04-26"
"musiccore","40","2019-04-27"
"inkigayo","40","2019-04-28"
"showchampion","208","2019-05-01"
"countdown","208","2019-05-02"
"musicbank","40","2019-05-03"
"inkigayo","208","2019-05-05"
"theshow","283","2019-05-07"
"showchampion","151","2019-05-08"
"countdown","151","2019-05-09"
"musicbank","151","2019-05-10"
"musiccore","40","2019-05-11"
"inkigayo","40","2019-05-12"
"theshow","152","2019-05-14"
"showchampion","152","2019-05-15"
"countdown","152","2019-05-16"
"musicbank","40","2019-05-17"
"musiccore","40","2019-05-18"
"inkigayo","40","2019-05-19"
"showchampion","151","2019-05-22"
"countdown","217","2019-05-23"
"musicbank","40","2019-05-24"
"musiccore","40","2019-05-25"
"inkigayo","31","2019-05-26"
"theshow","490","2019-05-28"
"showchampion","490","2019-05-29"
"countdown","80","2019-05-30"
"musicbank","80","2019-05-31"
"musiccore","40","2019-06-01"
"inkigayo","80","2019-06-02"
"theshow","487","2019-06-04"
"showchampion","487","2019-06-05"
"countdown","128","2019-06-06"
"musicbank","148","2019-06-07"
"musiccore","40","2019-06-08"
"inkigayo","53","2019-06-09"
"theshow","218","2019-06-11"
"showchampion","148","2019-06-12"
"countdown","218","2019-06-13"
"musicbank","40","2019-06-14"
"musiccore","40","2019-06-15"
"inkigayo","128","2019-06-16"
"theshow","218","2019-06-18"
"showchampion","218","2019-06-19"
"countdown","463","2019-06-20"
"musicbank","40","2019-06-21"
"musiccore","40","2019-06-22"
"inkigayo","491","2019-06-23"
"theshow","463","2019-06-25"
"showchampion","165","2019-06-26"
"countdown","165","2019-06-27"
"musicbank","165","2019-06-28"
"musiccore","165","2019-06-29"
"inkigayo","165","2019-06-30"
"theshow","292","2019-07-02"
"showchampion","312","2019-07-03"
"countdown","312","2019-07-04"
"musicbank","312","2019-07-05"
"musiccore","312","2019-07-06"
"inkigayo","312","2019-07-07"
"theshow","76","2019-07-09"
"showchampion","76","2019-07-10"
"countdown","76","2019-07-11"
"musicbank","76","2019-07-12"
"musiccore","76","2019-07-13"
"inkigayo","76","2019-07-14"
"theshow","461","2019-07-16"
"showchampion","461","2019-07-17"
"countdown","312","2019-07-18"
"musicbank","25","2019-07-19"
"musiccore","25","2019-07-20"
"inkigayo","231","2019-07-21"
"showchampion","54","2019-07-24"
"countdown","54","2019-07-25"
"musicbank","25","2019-07-26"
"inkigayo","403","2019-07-28"
"theshow","514","2019-07-30"
"musicbank","505","2019-08-02"
"inkigayo","403","2019-08-04"
"theshow","149","2019-08-06"
"showchampion","460","2019-08-07"
"countdown","460","2019-08-08"
"musicbank","511","2019-08-09"
"musiccore","460","2019-08-10"
"inkigayo","460","2019-08-11"
"theshow","152","2019-08-13"
"showchampion","460","2019-08-14"
"musicbank","460","2019-08-16"
"musiccore","460","2019-08-17"
"inkigayo","152","2019-08-18"
"theshow","149","2019-08-20"
"showchampion","460","2019-08-21"
"countdown","460","2019-08-22"
"musicbank","460","2019-08-23"
"musiccore","460","2019-08-24"
"inkigayo","460","2019-08-25"
"theshow","165","2019-08-27"
"showchampion","165","2019-08-28"
"countdown","165","2019-08-29"
"musicbank","165","2019-08-30"
"musiccore","165","2019-08-31"
"inkigayo","165","2019-09-01"
"theshow","522","2019-09-03"
"showchampion","522","2019-09-04"
"countdown","522","2019-09-05"
"musicbank","522","2019-09-06"
"inkigayo","522","2019-09-08"
"theshow","522","2019-09-10"
"countdown","522","2019-09-12"
"musicbank","522","2019-09-13"
"inkigayo","522","2019-09-15"
"showchampion","522","2019-09-18"
"countdown","522","2019-09-19"
"musicbank","291","2019-09-20"
"musiccore","291","2019-09-21"
"inkigayo","291","2019-09-22"
"theshow","467","2019-09-24"
"showchampion","291","2019-09-25"
"countdown","171","2019-09-26"
"musicbank","171","2019-09-27"
"musiccore","291","2019-09-28"
"inkigayo","291","2019-09-29"
"showchampion","208","2019-10-02"
"countdown","208","2019-10-03"
"musicbank","208","2019-10-04"
"inkigayo","208","2019-10-06"
"theshow","421","2019-10-08"
"showchampion","208","2019-10-09"
"countdown","208","2019-10-10"
"musicbank","41","2019-10-11"
"inkigayo","208","2019-10-13"
"theshow","487","2019-10-15"
"showchampion","487","2019-10-16"
"countdown","487","2019-10-17"
"musicbank","14","2019-10-18"
"inkigayo","14","2019-10-20"
"theshow","487","2019-10-22"
"showchampion","41","2019-10-23"
"countdown","189","2019-10-24"
"musicbank","189","2019-10-25"
"musiccore","14","2019-10-26"
"inkigayo","14","2019-10-27"
"theshow","465","2019-10-29"
"showchampion","151","2019-10-30"
"countdown","151","2019-10-31"
"musicbank","151","2019-11-01"
"musiccore","151","2019-11-02"
"inkigayo","151","2019-11-03"
"theshow","143","2019-11-05"
"countdown","143","2019-11-07"
"musicbank","200","2019-11-08"
"musiccore","200","2019-11-09"
"inkigayo","200","2019-11-10"
"theshow","315","2019-11-12"
"musicbank","80","2019-11-15"
"musiccore","98","2019-11-16"
"inkigayo","98","2019-11-17"
"countdown","138","2019-11-21"
"musicbank","138","2019-11-22"
"musiccore","98","2019-11-23"
"inkigayo","138","2019-11-24"
"theshow","218","2019-11-26"
"countdown","138","2019-11-28"
"musicbank","98","2019-11-29"
"inkigayo","98","2019-12-01"
"theshow","511","2019-12-03"
"showchampion","138","2019-12-04"
"musicbank","61","2019-12-06"
"musiccore","61","2019-12-07"
"inkigayo","98","2019-12-08"
"showchampion","61","2019-12-11"
"musicbank","61","2019-12-13"
"musiccore","61","2019-12-14"
"inkigayo","98","2019-12-15"
"countdown","288","2019-12-19"
"musicbank","98","2019-12-20"
"musiccore","98","2019-12-21"
"inkigayo","138","2019-12-22"
"countdown","319","2019-12-26"
"musicbank","98","2019-12-27"
"inkigayo","138","2019-12-29"
"musicbank","165","2020-01-03"
"musiccore","165","2020-01-04"
"inkigayo","165","2020-01-05"
"countdown","267","2020-01-09"
"musicbank","165","2020-01-10"
"musiccore","165","2020-01-11"
"inkigayo","165","2020-01-12"
"countdown","270","2020-01-16"
"musicbank","270","2020-01-17"
"musiccore","165","2020-01-18"
"inkigayo","165","2020-01-19"
"musicbank","165","2020-01-24"
"countdown","270","2020-01-30"
"musicbank","225","2020-01-31"
"musiccore","225","2020-02-01"
"inkigayo","225","2020-02-02"
"countdown","266","2020-02-06"
"musicbank","225","2020-02-07"
"musiccore","225","2020-02-08"
"inkigayo","225","2020-02-09"
"theshow","76","2020-02-11"
"countdown","76","2020-02-13"
"musicbank","76","2020-02-14"
"musiccore","225","2020-02-15"
"inkigayo","76","2020-02-16"
"theshow","76","2020-02-18"
"showchampion","76","2020-02-19"
"countdown","76","2020-02-20"
"musicbank","225","2020-02-21"
"musiccore","225","2020-02-22"
"inkigayo","539","2020-02-23"
"theshow","337","2020-02-25"
"showchampion","337","2020-02-26"
"countdown","337","2020-02-27"
"musicbank","40","2020-02-28"
"musiccore","40","2020-02-29"
"inkigayo","40","2020-03-01"
"theshow","337","2020-03-03"
"showchampion","40","2020-03-04"
"countdown","40","2020-03-05"
"musicbank","40","2020-03-06"
"musiccore","40","2020-03-07"
"inkigayo","40","2020-03-08"
"showchampion","40","2020-03-11"
"countdown","316","2020-03-12"
"musicbank","40","2020-03-13"
"musiccore","40","2020-03-14"
"inkigayo","40","2020-03-15"
"theshow","315","2020-03-17"
"showchampion","40","2020-03-18"
"countdown","460","2020-03-19"
"musicbank","40","2020-03-20"
"musiccore","40","2020-03-21"
"inkigayo","460","2020-03-22"
"theshow","119","2020-03-24"
"showchampion","460","2020-03-25"
"countdown","460","2020-03-26"
"musicbank","148","2020-03-27"
"musiccore","40","2020-03-28"
"inkigayo","460","2020-03-29"
"theshow","511","2020-03-31"
"showchampion","460","2020-04-01"
"countdown","460","2020-04-02"
"musicbank","511","2020-04-03"
"musiccore","511","2020-04-04"
"inkigayo","460","2020-04-05"
"showchampion","511","2020-04-08"
"countdown","511","2020-04-09"
"musicbank","612","2020-04-10"
"musiccore","612","2020-04-11"
"inkigayo","612","2020-04-12"
"countdown","292","2020-04-16"
"musicbank","292","2020-04-17"
"musiccore","292","2020-04-18"
"inkigayo","292","2020-04-19"
"theshow","18","2020-04-21"
"showchampion","18","2020-04-22"
"countdown","18","2020-04-23"
"musicbank","18","2020-04-24"
"musiccore","18","2020-04-25"
"inkigayo","18","2020-04-26"
"theshow","273","2020-04-28"
"showchampion","80","2020-04-29"
"countdown","80","2020-04-30"
"musicbank","80","2020-05-01"
"musiccore","18","2020-05-02"
"inkigayo","18","2020-05-03"
